
# Generated by generate-redirects.mjs from Git history
/bizops/analytics /departments/bizops/analytics
/bizops/business_operations /departments/bizops/business-operations
/bizops/data_operations /departments/bizops/data-operations
/bizops /departments/bizops
/bizops/onboarding /departments/bizops/onboarding
/bizops/ab-testing /departments/bizops/process/ab-testing
/bizops/customer_data_policy /departments/bizops/process/customer_data_policy
/bizops/customer_environment_questions /departments/bizops/process/customer_environment_questions
/bizops/data_workflows /departments/bizops/process/data_workflows
/bizops/product_led_growth /departments/bizops/process/product_led_growth
/bizops/user_definitions /departments/bizops/process/user_definitions
/bizops/amplitude /departments/bizops/tools/amplitude
/bizops/customer_ops_tools /departments/bizops/tools/customer_ops_tools
/ce/career-growth /departments/ce/career-growth
/ce /departments/ce
/ce/deployment-methods /departments/ce/onboarding/deployment-methods
/ce/education /departments/ce/onboarding/education
/ce/enterprise-vs-oss /departments/ce/onboarding/enterprise-vs-oss
/ce/onboarding /departments/ce/onboarding
/ce/demo-repo-contribution /departments/ce/process/demo-repo-contribution
/ce/leaving-insiders-build /departments/ce/process/leaving-insiders-build
/ce/license_keys /departments/ce/process/license_keys
/ce/working-with-customers /departments/ce/process/working-with-customers
/ce/working-with-product /departments/ce/process/working-with-product
/ce/team-culture /departments/ce/team-culture
/ce/ce-bios /departments/ce/team
/ce/aimee-readme /departments/ce/team/readmes/aimee-readme
/ce/bob-readme /departments/ce/team/readmes/bob-readme
/ce/christy-readme /departments/ce/team/readmes/christy-readme
/ce/ce-tools /departments/ce/tools/ce-tools
/ce/demo_instances /departments/ce/tools/demo_instances
/finance /departments/finance
/finance/ap /departments/finance/process/ap
/finance/ar /departments/finance/process/ar
/finance/payables /departments/finance/process/payables
/legal /departments/legal
/legal/ContractReviewandSignatureAuthorityPolicy /departments/legal/process/ContractReviewandSignatureAuthorityPolicy
/marketing/CODENOTIFY /departments/marketing/CODENOTIFY
/marketing/brand/brand_and_creative_team_mission_and_values /departments/marketing/brand/brand_and_creative_team_mission_and_values
/marketing/brand/brand_and_creative_team_requests /departments/marketing/brand/brand_and_creative_team_requests
/marketing/brand/brand_guidelines/brand-expression /departments/marketing/brand/brand_guidelines/brand-expression
/marketing/brand/brand_guidelines/color /departments/marketing/brand/brand_guidelines/color
/marketing/brand/brand_guidelines/color/color_misuse_ada.svg /departments/marketing/brand/brand_guidelines/color/color_misuse_ada.svg
/marketing/brand/brand_guidelines/color/color_misuse_ada_ui.svg /departments/marketing/brand/brand_guidelines/color/color_misuse_ada_ui.svg
/marketing/brand/brand_guidelines/color/color_misuse_contrast.svg /departments/marketing/brand/brand_guidelines/color/color_misuse_contrast.svg
/marketing/brand/brand_guidelines/color/color_misuse_new_colors.svg /departments/marketing/brand/brand_guidelines/color/color_misuse_new_colors.svg
/marketing/brand/brand_guidelines/color/color_misuse_saturate.svg /departments/marketing/brand/brand_guidelines/color/color_misuse_saturate.svg
/marketing/brand/brand_guidelines/color/color_misuse_too_many_colors.svg /departments/marketing/brand/brand_guidelines/color/color_misuse_too_many_colors.svg
/marketing/brand/brand_guidelines/color/color_use_1.svg /departments/marketing/brand/brand_guidelines/color/color_use_1.svg
/marketing/brand/brand_guidelines/color/color_use_2.svg /departments/marketing/brand/brand_guidelines/color/color_use_2.svg
/marketing/brand/brand_guidelines/how_we_express_our_brand.svg /departments/marketing/brand/brand_guidelines/how_we_express_our_brand.svg
/marketing/brand/brand_guidelines /departments/marketing/brand/brand_guidelines
/marketing/brand/brand_guidelines/logo /departments/marketing/brand/brand_guidelines/logo
/marketing/brand/brand_guidelines/logo/history/2013.svg /departments/marketing/brand/brand_guidelines/logo/history/2013.svg
/marketing/brand/brand_guidelines/logo/history/2014.svg /departments/marketing/brand/brand_guidelines/logo/history/2014.svg
/marketing/brand/brand_guidelines/logo/history/2015.1.svg /departments/marketing/brand/brand_guidelines/logo/history/2015.1.svg
/marketing/brand/brand_guidelines/logo/history/2015.2.svg /departments/marketing/brand/brand_guidelines/logo/history/2015.2.svg
/marketing/brand/brand_guidelines/logo/history/2017.svg /departments/marketing/brand/brand_guidelines/logo/history/2017.svg
/marketing/brand/brand_guidelines/logo/history/2020.svg /departments/marketing/brand/brand_guidelines/logo/history/2020.svg
/marketing/brand/brand_guidelines/logo/logo_placement.svg /departments/marketing/brand/brand_guidelines/logo/logo_placement.svg
/marketing/brand/brand_guidelines/logo/minimum_digital_logo_size.svg /departments/marketing/brand/brand_guidelines/logo/minimum_digital_logo_size.svg
/marketing/brand/brand_guidelines/logo/minimum_print_logo_size.svg /departments/marketing/brand/brand_guidelines/logo/minimum_print_logo_size.svg
/marketing/brand/brand_guidelines/logo/versions/Sourcegraph_Logo_1c_black.svg /departments/marketing/brand/brand_guidelines/logo/versions/Sourcegraph_Logo_1c_black.svg
/marketing/brand/brand_guidelines/logo/versions/Sourcegraph_Logo_1c_white.svg /departments/marketing/brand/brand_guidelines/logo/versions/Sourcegraph_Logo_1c_white.svg
/marketing/brand/brand_guidelines/logo/versions/Sourcegraph_Logo_FullColor_dark.svg /departments/marketing/brand/brand_guidelines/logo/versions/Sourcegraph_Logo_FullColor_dark.svg
/marketing/brand/brand_guidelines/logo/versions/Sourcegraph_Logo_FullColor_light.svg /departments/marketing/brand/brand_guidelines/logo/versions/Sourcegraph_Logo_FullColor_light.svg
/marketing/brand/brand_guidelines/logo/versions/Sourcegraph_Logomark_BLK.svg /departments/marketing/brand/brand_guidelines/logo/versions/Sourcegraph_Logomark_BLK.svg
/marketing/brand/brand_guidelines/logo/versions/Sourcegraph_Logomark_Color.svg /departments/marketing/brand/brand_guidelines/logo/versions/Sourcegraph_Logomark_Color.svg
/marketing/brand/brand_guidelines/logo/versions/Sourcegraph_Logomark_WHT.svg /departments/marketing/brand/brand_guidelines/logo/versions/Sourcegraph_Logomark_WHT.svg
/marketing/brand/brand_guidelines/logo/versions/Sourcegraph_Wordmark_BLK.svg /departments/marketing/brand/brand_guidelines/logo/versions/Sourcegraph_Wordmark_BLK.svg
/marketing/brand/brand_guidelines/typography /departments/marketing/brand/brand_guidelines/typography
/marketing/brand/building_a_strong_brand /departments/marketing/brand/building_a_strong_brand
/marketing/brand/gifting_guidelines /departments/marketing/brand/gifting_guidelines
/marketing/brand /departments/marketing/brand
/marketing/brand/naming_process_for_products_features_and_programs /departments/marketing/brand/naming_process_for_products_features_and_programs
/marketing/brand/production_process /departments/marketing/brand/production_process
/marketing/brand/sourcegraph_in-house_brand_team /departments/marketing/brand/sourcegraph_in-house_brand_team
/marketing/community_relations/content-strategy /departments/marketing/community_relations/content-strategy
/marketing/community_relations /departments/marketing/community_relations
/marketing/content/creating_blog_posts /departments/marketing/content/creating_blog_posts
/marketing/content/editorial/blog_hackathon /departments/marketing/content/editorial/blog_hackathon
/marketing/content/editorial/editorial-process /departments/marketing/content/editorial/editorial-process
/marketing/content/editorial/editorial-strategy /departments/marketing/content/editorial/editorial-strategy
/marketing/content/editorial /departments/marketing/content/editorial
/marketing/content /departments/marketing/content
/marketing/content/web_series /departments/marketing/content/web_series
/marketing/demand-gen/RebeccaR-readme /departments/marketing/demand-gen/RebeccaR-readme
/marketing/demand-gen/account_based_experience /departments/marketing/demand-gen/account_based_experience
/marketing/demand-gen/adam-readme /departments/marketing/demand-gen/adam-readme
/marketing/demand-gen/demand-gen-bios /departments/marketing/demand-gen/demand-gen-bios
/marketing/demand-gen/digital_marketing_programs /departments/marketing/demand-gen/digital_marketing_programs
/marketing/demand-gen/erica-readme /departments/marketing/demand-gen/erica-readme
/marketing/demand-gen/greg-readme /departments/marketing/demand-gen/greg-readme
/marketing/demand-gen /departments/marketing/demand-gen
/marketing/demand-gen/jake-readme /departments/marketing/demand-gen/jake-readme
/marketing/demand-gen/marketing_operations /departments/marketing/demand-gen/marketing_operations
/marketing/demand-gen/sarah-readme /departments/marketing/demand-gen/sarah-readme
/marketing/education/dev-ed-council /departments/marketing/education/dev-ed-council
/marketing/education /departments/marketing/education
/marketing/education/learn-platform /departments/marketing/education/learn-platform
/marketing/education/process /departments/marketing/education/process
/marketing/education/requests /departments/marketing/education/requests
/marketing/education/style /departments/marketing/education/style
/marketing /departments/marketing
/marketing/ad_conversion_flows /departments/marketing/process/ad_conversion_flows
/marketing/adding_screenshots_screen_recording /departments/marketing/process/adding_screenshots_screen_recording
/marketing/becoming_a_sourcegraph_champion /departments/marketing/process/becoming_a_sourcegraph_champion
/marketing/messaging /departments/marketing/process/messaging
/marketing/oss_community_pages /departments/marketing/process/oss_community_pages
/marketing/personas /departments/marketing/process/personas
/marketing/public_projects_using_sourcegraph /departments/marketing/process/public_projects_using_sourcegraph
/marketing/value-drivers /departments/marketing/process/value-drivers
/marketing/product-marketing/batch_changes_positioning /departments/marketing/product-marketing/batch_changes_positioning
/marketing/product-marketing/customer_marketing /departments/marketing/product-marketing/customer_marketing
/marketing/product-marketing /departments/marketing/product-marketing
/marketing/product-marketing/marketing_launch_tiers /departments/marketing/product-marketing/marketing_launch_tiers
/marketing/product-marketing/product-marketing-bios /departments/marketing/product-marketing/product-marketing-bios
/marketing/product-marketing/product-marketing-roadmap /departments/marketing/product-marketing/product-marketing-roadmap
/marketing/product-marketing/product_marketing_hierarchy /departments/marketing/product-marketing/product_marketing_hierarchy
/marketing/product-marketing/release_post_process /departments/marketing/product-marketing/release_post_process
/marketing/roles /departments/marketing/roles
/marketing/socialmedia /departments/marketing/social-media
/marketing/tools/atlassian_fisheye_vs_sourcegraph /departments/marketing/tools/atlassian_fisheye_vs_sourcegraph
/marketing/tools/bitbucket_cloud_vs_sourcegraph /departments/marketing/tools/bitbucket_cloud_vs_sourcegraph
/marketing/tools/bitbucket_server_vs_sourcegraph /departments/marketing/tools/bitbucket_server_vs_sourcegraph
/marketing/tools/github_vs_sourcegraph /departments/marketing/tools/github_vs_sourcegraph
/marketing/tools/gitlab_vs_sourcegraph /departments/marketing/tools/gitlab_vs_sourcegraph
/marketing/tools/google_cloud_source_repositories_vs_sourcegraph /departments/marketing/tools/google_cloud_source_repositories_vs_sourcegraph
/marketing/tools/hound_vs_sourcegraph /departments/marketing/tools/hound_vs_sourcegraph
/marketing/tools/livegrep_vs_sourcegraph /departments/marketing/tools/livegrep_vs_sourcegraph
/marketing/tools/opengrok_vs_sourcegraph /departments/marketing/tools/opengrok_vs_sourcegraph
/marketing/tools/phabricator_vs_sourcegraph /departments/marketing/tools/phabricator_vs_sourcegraph
/people-ops/anti-corruption /departments/people-ops/process/anti-corruption
/people-ops/employment_verification /departments/people-ops/process/employment_verification
/people-ops/how-we-engage-talent-outside-the-us /departments/people-ops/process/how-we-engage-talent-outside-the-us
/people-ops/how-we-engage-talent-outside-the-us/temporary-contractors /departments/people-ops/process/how-we-engage-talent-outside-the-us/temporary-contractors
/people-ops/impact-reviews /departments/people-ops/process/impact-reviews
/people-ops/impact_review_infographic.svg /departments/people-ops/process/impact_review_infographic.svg
/people-ops/people-ops-project-management /departments/people-ops/process/people-ops-project-management
/people-ops/cassie-bio /departments/people-ops/team/cassie-bio
/people-ops/cecily-bio /departments/people-ops/team/cecily-bio
/people-ops/people-ops-bios /departments/people-ops/team
/people-ops/ines-bio /departments/people-ops/team/ines-bio
/people-ops/noemi-bio /departments/people-ops/team/noemi-bio
/people-ops/manager-guide /departments/people-ops/tools/manager-guide
/people-ops/people-ops-faqs /departments/people-ops/tools/people-ops-faqs
/product-engineering/CODENOTIFY /departments/product-engineering/CODENOTIFY
/product-engineering/engineering/CODENOTIFY /departments/product-engineering/engineering/CODENOTIFY
/product-engineering/engineering/career-development/CODENOTIFY /departments/product-engineering/engineering/career-development/CODENOTIFY
/product-engineering/engineering/career-development/framework /departments/product-engineering/engineering/career-development/framework
/product-engineering/engineering/career-development /departments/product-engineering/engineering/career-development
/product-engineering/engineering/career-development/talent-review-process /departments/product-engineering/engineering/career-development/talent-review-process
/product-engineering/engineering/cloud/CODENOTIFY /departments/product-engineering/engineering/cloud/CODENOTIFY
/product-engineering/engineering/cloud/devops/deploy-code-change /departments/product-engineering/engineering/cloud/devops/deploy-code-change
/product-engineering/engineering/cloud/devops /departments/product-engineering/engineering/cloud/devops
/product-engineering/engineering/cloud/devops/onboarding /departments/product-engineering/engineering/cloud/devops/onboarding
/product-engineering/engineering/cloud/devops/txt_dns /departments/product-engineering/engineering/cloud/devops/txt_dns
/product-engineering/engineering/cloud/devops/update_sg_website_config /departments/product-engineering/engineering/cloud/devops/update_sg_website_config
/product-engineering/engineering/cloud/extensibility/browser-extensions /departments/product-engineering/engineering/cloud/extensibility/browser-extensions
/product-engineering/engineering/cloud/extensibility/browser-extensions/release-process /departments/product-engineering/engineering/cloud/extensibility/browser-extensions/release-process
/product-engineering/engineering/cloud/extensibility/goals_completed /departments/product-engineering/engineering/cloud/extensibility/goals_completed
/product-engineering/engineering/cloud/extensibility/ide-extensions /departments/product-engineering/engineering/cloud/extensibility/ide-extensions
/product-engineering/engineering/cloud/extensibility /departments/product-engineering/engineering/cloud/extensibility
/product-engineering/engineering/cloud/extensibility/processes /departments/product-engineering/engineering/cloud/extensibility/processes
/product-engineering/engineering/cloud/growth /departments/product-engineering/engineering/cloud/growth
/product-engineering/engineering/cloud /departments/product-engineering/engineering/cloud
/product-engineering/engineering/cloud/saas/CODENOTIFY /departments/product-engineering/engineering/cloud/saas/CODENOTIFY
/product-engineering/engineering/cloud/saas/hiring/cloud-saas-software-engineer-architectural-interview /departments/product-engineering/engineering/cloud/saas/hiring/cloud-saas-software-engineer-architectural-interview
/product-engineering/engineering/cloud/saas /departments/product-engineering/engineering/cloud/saas
/product-engineering/engineering/cloud/saas/playbooks/getting-a-list-of-cloud-users /departments/product-engineering/engineering/cloud/saas/playbooks/getting-a-list-of-cloud-users
/product-engineering/engineering/cloud/security/CODENOTIFY /departments/product-engineering/engineering/cloud/security/CODENOTIFY
/product-engineering/engineering/cloud/security/checkov /departments/product-engineering/engineering/cloud/security/checkov
/product-engineering/engineering/cloud/security /departments/product-engineering/engineering/cloud/security
/product-engineering/engineering/cloud/security/infrastructure /departments/product-engineering/engineering/cloud/security/infrastructure
/product-engineering/engineering/cloud/security/infrastructure/playbooks /departments/product-engineering/engineering/cloud/security/infrastructure/playbooks
/product-engineering/engineering/cloud/security/poker-planning /departments/product-engineering/engineering/cloud/security/poker-planning
/product-engineering/engineering/cloud/security/process /departments/product-engineering/engineering/cloud/security/process
/product-engineering/engineering/cloud/security/reporting-vulnerabilities /departments/product-engineering/engineering/cloud/security/reporting-vulnerabilities
/product-engineering/engineering/cloud/security/secure-code-review /departments/product-engineering/engineering/cloud/security/secure-code-review
/product-engineering/engineering/cloud/security/security-incident-response /departments/product-engineering/engineering/cloud/security/security-incident-response
/product-engineering/engineering/cloud/security/security-onboarding /departments/product-engineering/engineering/cloud/security/security-onboarding
/product-engineering/engineering/cloud/security/security-support-rotation /departments/product-engineering/engineering/cloud/security/security-support-rotation
/product-engineering/engineering/cloud/security/tooling /departments/product-engineering/engineering/cloud/security/tooling
/product-engineering/engineering/code-graph/batch-changes/CODENOTIFY /departments/product-engineering/engineering/code-graph/batch-changes/CODENOTIFY
/product-engineering/engineering/code-graph/batch-changes/ce-onboarding /departments/product-engineering/engineering/code-graph/batch-changes/ce-onboarding
/product-engineering/engineering/code-graph/batch-changes /departments/product-engineering/engineering/code-graph/batch-changes
/product-engineering/engineering/code-graph/batch-changes/metrics /departments/product-engineering/engineering/code-graph/batch-changes/metrics
/product-engineering/engineering/code-graph/batch-changes/onboarding /departments/product-engineering/engineering/code-graph/batch-changes/onboarding
/product-engineering/engineering/code-graph/batch-changes/supporting-batch-changes /departments/product-engineering/engineering/code-graph/batch-changes/supporting-batch-changes
/product-engineering/engineering/code-graph/code-insights/CODENOTIFY /departments/product-engineering/engineering/code-graph/code-insights/CODENOTIFY
/product-engineering/engineering/code-graph/code-insights/goals_completed /departments/product-engineering/engineering/code-graph/code-insights/goals_completed
/product-engineering/engineering/code-graph/code-insights /departments/product-engineering/engineering/code-graph/code-insights
/product-engineering/engineering/code-graph/code-insights/processes /departments/product-engineering/engineering/code-graph/code-insights/processes
/product-engineering/engineering/code-graph/code-insights/project_planning.svg /departments/product-engineering/engineering/code-graph/code-insights/project_planning.svg
/product-engineering/engineering/code-graph/code-intelligence/CODENOTIFY /departments/product-engineering/engineering/code-graph/code-intelligence/CODENOTIFY
/product-engineering/engineering/code-graph/code-intelligence/code-walkthrough /departments/product-engineering/engineering/code-graph/code-intelligence/code-walkthrough
/product-engineering/engineering/code-graph/code-intelligence /departments/product-engineering/engineering/code-graph/code-intelligence
/product-engineering/engineering/code-graph /departments/product-engineering/engineering/code-graph
/product-engineering/engineering/code-graph/search/CODENOTIFY /departments/product-engineering/engineering/code-graph/search/CODENOTIFY
/product-engineering/engineering/code-graph/search/core /departments/product-engineering/engineering/code-graph/search/core
/product-engineering/engineering/code-graph/search/goals_completed /departments/product-engineering/engineering/code-graph/search/goals_completed
/product-engineering/engineering/code-graph/search /departments/product-engineering/engineering/code-graph/search
/product-engineering/engineering/code-graph/search/iteration_log /departments/product-engineering/engineering/code-graph/search/iteration_log
/product-engineering/engineering/code-graph/search/iteration_log_archive /departments/product-engineering/engineering/code-graph/search/iteration_log_archive
/product-engineering/engineering/code-graph/search/perf /departments/product-engineering/engineering/code-graph/search/perf
/product-engineering/engineering/code-graph/search/product /departments/product-engineering/engineering/code-graph/search/product
/product-engineering/engineering/core-application/operational-rotation /departments/product-engineering/engineering/core-application/operational-rotation
/product-engineering/engineering/distribution/faq /departments/product-engineering/engineering/distribution/faq
/product-engineering/engineering/distribution/gitlab_native_local /departments/product-engineering/engineering/distribution/gitlab_native_local
/product-engineering/engineering/distribution /departments/product-engineering/engineering/distribution
/product-engineering/engineering/distribution/k8s_admin_custom_policy /departments/product-engineering/engineering/distribution/k8s_admin_custom_policy
/product-engineering/engineering/distribution/metrics_dumps /departments/product-engineering/engineering/distribution/metrics_dumps
/product-engineering/engineering/distribution/onboarding /departments/product-engineering/engineering/distribution/onboarding
/product-engineering/engineering/distribution/product /departments/product-engineering/engineering/distribution/product
/product-engineering/engineering/distribution/rollbacks /departments/product-engineering/engineering/distribution/rollbacks
/product-engineering/engineering/distribution/separate_website /departments/product-engineering/engineering/distribution/separate_website
/product-engineering/engineering/distribution/tech_stack /departments/product-engineering/engineering/distribution/tech_stack
/product-engineering/engineering/distribution/tokens /departments/product-engineering/engineering/distribution/tokens
/product-engineering/engineering/enablement/delivery/CODENOTIFY /departments/product-engineering/engineering/enablement/delivery/CODENOTIFY
/product-engineering/engineering/enablement/delivery/customers /departments/product-engineering/engineering/enablement/delivery/customers
/product-engineering/engineering/enablement/delivery/customers/replicas /departments/product-engineering/engineering/enablement/delivery/customers/replicas
/product-engineering/engineering/enablement/delivery /departments/product-engineering/engineering/enablement/delivery
/product-engineering/engineering/enablement/delivery/managed/architecture.excalidraw /departments/product-engineering/engineering/enablement/delivery/managed/architecture.excalidraw
/product-engineering/engineering/enablement/delivery/managed/cost_estimation /departments/product-engineering/engineering/enablement/delivery/managed/cost_estimation
/product-engineering/engineering/enablement/delivery/managed/creation_process /departments/product-engineering/engineering/enablement/delivery/managed/creation_process
/product-engineering/engineering/enablement/delivery/managed /departments/product-engineering/engineering/enablement/delivery/managed
/product-engineering/engineering/enablement/delivery/managed/operations /departments/product-engineering/engineering/enablement/delivery/managed/operations
/product-engineering/engineering/enablement/delivery/managed/upgrade_process /departments/product-engineering/engineering/enablement/delivery/managed/upgrade_process
/product-engineering/engineering/enablement/delivery/onboarding /departments/product-engineering/engineering/enablement/delivery/onboarding
/product-engineering/engineering/enablement/delivery/processes /departments/product-engineering/engineering/enablement/delivery/processes
/product-engineering/engineering/enablement/dev-experience /departments/product-engineering/engineering/enablement/dev-experience
/product-engineering/engineering/enablement/dev-experience/newsletter /departments/product-engineering/engineering/enablement/dev-experience/newsletter
/product-engineering/engineering/enablement/engineering-education/CODENOTIFY /departments/product-engineering/engineering/enablement/engineering-education/CODENOTIFY
/product-engineering/engineering/enablement/frontend-platform/goals_completed /departments/product-engineering/engineering/enablement/frontend-platform/goals_completed
/product-engineering/engineering/enablement/frontend-platform /departments/product-engineering/engineering/enablement/frontend-platform
/product-engineering/engineering/enablement/frontend-platform/other-responsibilities /departments/product-engineering/engineering/enablement/frontend-platform/other-responsibilities
/product-engineering/engineering/enablement/frontend-platform/wildcard-component-library /departments/product-engineering/engineering/enablement/frontend-platform/wildcard-component-library
/product-engineering/engineering/enablement /departments/product-engineering/engineering/enablement
/product-engineering/engineering/enablement/repo-management/dev-tools-we-love /departments/product-engineering/engineering/enablement/repo-management/dev-tools-we-love
/product-engineering/engineering/enablement/repo-management/first-month /departments/product-engineering/engineering/enablement/repo-management/first-month
/product-engineering/engineering/enablement/repo-management/how-gitserver-works /departments/product-engineering/engineering/enablement/repo-management/how-gitserver-works
/product-engineering/engineering/enablement/repo-management/how-repo-updater-works /departments/product-engineering/engineering/enablement/repo-management/how-repo-updater-works
/product-engineering/engineering/enablement/repo-management /departments/product-engineering/engineering/enablement/repo-management
/product-engineering/engineering/enablement/repo-management/internal /departments/product-engineering/engineering/enablement/repo-management/internal
/product-engineering/engineering/enablement/repo-management/learning-resources /departments/product-engineering/engineering/enablement/repo-management/learning-resources
/product-engineering/engineering/enablement/repo-management/onboarding /departments/product-engineering/engineering/enablement/repo-management/onboarding
/product-engineering/engineering/enablement/repo-management/processes /departments/product-engineering/engineering/enablement/repo-management/processes
/product-engineering/engineering/enablement/repo-management/tips-and-tricks /departments/product-engineering/engineering/enablement/repo-management/tips-and-tricks
/product-engineering/engineering/hiring/CODENOTIFY /departments/product-engineering/engineering/hiring/CODENOTIFY
/product-engineering/engineering/hiring/early-career-engineers /departments/product-engineering/engineering/hiring/early-career-engineers
/product-engineering/engineering/hiring/engineering-leadership /departments/product-engineering/engineering/hiring/engineering-leadership
/product-engineering/engineering/hiring/frontend-engineer-extensibility /departments/product-engineering/engineering/hiring/frontend-engineer-extensibility
/product-engineering/engineering/hiring/hm_intro_call /departments/product-engineering/engineering/hiring/hm_intro_call
/product-engineering/engineering/hiring /departments/product-engineering/engineering/hiring
/product-engineering/engineering/hiring/software-engineer-code-review-exercise /departments/product-engineering/engineering/hiring/software-engineer-code-review-exercise
/product-engineering/engineering/hiring/software-engineer-coding-exercise /departments/product-engineering/engineering/hiring/software-engineer-coding-exercise
/product-engineering/engineering/hiring/software-engineer-pairing-exercise /departments/product-engineering/engineering/hiring/software-engineer-pairing-exercise
/product-engineering/engineering /departments/product-engineering/engineering
/product-engineering/engineering/onboarding/engineering-manager-onboarding /departments/product-engineering/engineering/onboarding/engineering-manager-onboarding
/product-engineering/engineering/onboarding /departments/product-engineering/engineering/onboarding
/product-engineering/engineering/onboarding/software-engineer-onboarding /departments/product-engineering/engineering/onboarding/software-engineer-onboarding
/product-engineering/engineering/deployments/azure_devops /departments/product-engineering/engineering/process/deployments/azure_devops
/product-engineering/engineering/deployments/debugging /departments/product-engineering/engineering/process/deployments/debugging
/product-engineering/engineering/deployments/debugging/tutorial /departments/product-engineering/engineering/process/deployments/debugging/tutorial
/product-engineering/engineering/deployments /departments/product-engineering/engineering/process/deployments
/product-engineering/engineering/deployments/instances /departments/product-engineering/engineering/process/deployments/instances
/product-engineering/engineering/deployments/kubernetes /departments/product-engineering/engineering/process/deployments/kubernetes
/product-engineering/engineering/deployments/playbooks /departments/product-engineering/engineering/process/deployments/playbooks
/product-engineering/engineering/deployments/postgresql /departments/product-engineering/engineering/process/deployments/postgresql
/product-engineering/engineering/deployments/rto_rpo /departments/product-engineering/engineering/process/deployments/rto_rpo
/product-engineering/engineering/deployments/security /departments/product-engineering/engineering/process/deployments/security
/product-engineering/engineering/deployments/testing /departments/product-engineering/engineering/process/deployments/testing
/product-engineering/engineering/engineering_ownership /departments/product-engineering/engineering/process/engineering_ownership
/product-engineering/engineering/external_contributions /departments/product-engineering/engineering/process/external_contributions
/product-engineering/engineering/incidents/330_incident_retro /departments/product-engineering/engineering/process/incidents/330_incident_retro
/product-engineering/engineering/incidents/extensibility_repo_name_log /departments/product-engineering/engineering/process/incidents/extensibility_repo_name_log
/product-engineering/engineering/incidents/incident-flow-chart.png /departments/product-engineering/engineering/process/incidents/incident-flow-chart.png
/product-engineering/engineering/incidents /departments/product-engineering/engineering/process/incidents
/product-engineering/engineering/incidents/on_call /departments/product-engineering/engineering/process/incidents/on_call
/product-engineering/engineering/incidents/playbooks/ci /departments/product-engineering/engineering/process/incidents/playbooks/ci
/product-engineering/engineering/incidents/playbooks/dotcom_deleted_entirely /departments/product-engineering/engineering/process/incidents/playbooks/dotcom_deleted_entirely
/product-engineering/engineering/incidents/playbooks /departments/product-engineering/engineering/process/incidents/playbooks
/product-engineering/engineering/licenses /departments/product-engineering/engineering/process/licenses
/product-engineering/engineering/planning /departments/product-engineering/engineering/process/planning
/product-engineering/engineering/principles-and-practices /departments/product-engineering/engineering/process/principles-and-practices
/product-engineering/engineering/product_documentation /departments/product-engineering/engineering/process/product_documentation
/product-engineering/engineering/releases /departments/product-engineering/engineering/process/releases
/product-engineering/engineering/releases/patch_release_issue_template /departments/product-engineering/engineering/process/releases/patch_release_issue_template
/product-engineering/engineering/releases/release_issue_template /departments/product-engineering/engineering/process/releases/release_issue_template
/product-engineering/engineering/releases/upgrade_managed_issue_template /departments/product-engineering/engineering/process/releases/upgrade_managed_issue_template
/product-engineering/engineering/tracking_issues /departments/product-engineering/engineering/process/tracking_issues
/product-engineering/engineering/roles /departments/product-engineering/engineering/roles
/product-engineering/engineering/continuous_releasability /departments/product-engineering/engineering/tools/continuous_releasability
/product-engineering/engineering/engineering-management /departments/product-engineering/engineering/tools/engineering-management
/product-engineering/engineering/tools/ghe-feeder-dashboard.jpg /departments/product-engineering/engineering/tools/ghe-feeder-dashboard.jpg
/product-engineering/engineering/tools/ghe_feeder /departments/product-engineering/engineering/tools/ghe_feeder
/product-engineering/engineering/tools /departments/product-engineering/engineering/tools
/product-engineering/engineering/infrastructure/gcp /departments/product-engineering/engineering/tools/infrastructure/gcp
/product-engineering/engineering/infrastructure/ghe /departments/product-engineering/engineering/tools/infrastructure/ghe
/product-engineering/engineering/infrastructure /departments/product-engineering/engineering/tools/infrastructure
/product-engineering/engineering/observability/cloud /departments/product-engineering/engineering/tools/observability/cloud
/product-engineering/engineering/observability/cloudflare /departments/product-engineering/engineering/tools/observability/cloudflare
/product-engineering/engineering/observability /departments/product-engineering/engineering/tools/observability
/product-engineering/engineering/observability/monitoring /departments/product-engineering/engineering/tools/observability/monitoring
/product-engineering/engineering/observability/monitoring_architecture.excalidraw /departments/product-engineering/engineering/tools/observability/monitoring_architecture.excalidraw
/product-engineering/engineering/observability/monitoring_architecture /departments/product-engineering/engineering/tools/observability/monitoring_architecture
/product-engineering/engineering/observability/monitoring_pillars /departments/product-engineering/engineering/tools/observability/monitoring_pillars
/product-engineering/engineering/tools/release /departments/product-engineering/engineering/tools/release
/product-engineering/engineering/tools/resources_report /departments/product-engineering/engineering/tools/resources_report
/product-engineering/engineering/tools/slackgenie /departments/product-engineering/engineering/tools/slackgenie
/product-engineering /departments/product-engineering
/product-engineering/headcount-planning /departments/product-engineering/process/headcount-planning
/product-engineering/planning-process /departments/product-engineering/process/planning-process
/product-engineering/reporting-progress /departments/product-engineering/process/reporting-progress
/product-engineering/product/CODENOTIFY /departments/product-engineering/product/CODENOTIFY
/product-engineering/product/design/artifacts /departments/product-engineering/product/design/artifacts
/product-engineering/product/design/design-and-interaction-guidelines /departments/product-engineering/product/design/design-and-interaction-guidelines
/product-engineering/product/design/design_critiques /departments/product-engineering/product/design/design_critiques
/product-engineering/product/design/design_process /departments/product-engineering/product/design/design_process
/product-engineering/product/design/documents_templates /departments/product-engineering/product/design/documents_templates
/product-engineering/product/design/external_resources /departments/product-engineering/product/design/external_resources
/product-engineering/product/design/icons-example.png /departments/product-engineering/product/design/icons-example.png
/product-engineering/product/design /departments/product-engineering/product/design
/product-engineering/product/design/intersecting_with_other_teams /departments/product-engineering/product/design/intersecting_with_other_teams
/product-engineering/product/design/large-margin-example.png /departments/product-engineering/product/design/large-margin-example.png
/product-engineering/product/design/margins-example.png /departments/product-engineering/product/design/margins-example.png
/product-engineering/product/design/metrics/amplitude-for-designers /departments/product-engineering/product/design/metrics/amplitude-for-designers
/product-engineering/product/design/metrics/defining-metrics /departments/product-engineering/product/design/metrics/defining-metrics
/product-engineering/product/design/metrics /departments/product-engineering/product/design/metrics
/product-engineering/product/design/onboarding /departments/product-engineering/product/design/onboarding
/product-engineering/product/design/product_design_principles /departments/product-engineering/product/design/product_design_principles
/product-engineering/product/design/research /departments/product-engineering/product/design/research
/product-engineering/product/design/research/user-testing-com /departments/product-engineering/product/design/research/user-testing-com
/product-engineering/product/design/reviewing_design /departments/product-engineering/product/design/reviewing_design
/product-engineering/product/design/signup-example.png /departments/product-engineering/product/design/signup-example.png
/product-engineering/product/design/surfacing_design_needs /departments/product-engineering/product/design/surfacing_design_needs
/product-engineering/product/design/team_rituals /departments/product-engineering/product/design/team_rituals
/product-engineering/product/design/tools /departments/product-engineering/product/design/tools
/product-engineering/product/design/visual_design_checklist /departments/product-engineering/product/design/visual_design_checklist
/product-engineering/product/design/ways_of_working /departments/product-engineering/product/design/ways_of_working
/product-engineering/product/design/wildcard_design_system /departments/product-engineering/product/design/wildcard_design_system
/product-engineering/product/design/workshops /departments/product-engineering/product/design/workshops
/product-engineering/product/design/workshops/user-story-mapping /departments/product-engineering/product/design/workshops/user-story-mapping
/product-engineering/product /departments/product-engineering/product
/product-engineering/product/onboarding /departments/product-engineering/product/onboarding
/product-engineering/product/onboarding/recommended_reading /departments/product-engineering/product/onboarding/recommended_reading
/product-engineering/product/beta_and_experimental_feature_labels /departments/product-engineering/product/process/beta_and_experimental_feature_labels
/product-engineering/product/product_management/deprecation_process /departments/product-engineering/product/process/deprecation_process
/product-engineering/product/product_management /departments/product-engineering/product/process
/product-engineering/product/licensing /departments/product-engineering/product/process/licensing
/product-engineering/product/product_management/pricing /departments/product-engineering/product/process/pricing
/product-engineering/product/product_management/prioritizing /departments/product-engineering/product/process/prioritizing
/product-engineering/product/product_documents /departments/product-engineering/product/process/product_documents
/product-engineering/product/product_management/product_learning /departments/product-engineering/product/process/product_learning
/product-engineering/product/product_management/release_blog_post_template.md.txt /departments/product-engineering/product/process/release_blog_post_template.md.txt
/product-engineering/product/product_management/responding_to_user_feedback /departments/product-engineering/product/process/responding_to_user_feedback
/product-engineering/product/product_management/rollout_process /departments/product-engineering/product/process/rollout_process
/product-engineering/product/surfacing_product_feedback /departments/product-engineering/product/process/surfacing_product_feedback
/product-engineering/product/user_journey_maps /departments/product-engineering/product/process/user_journey_maps
/product-engineering/product/user_research /departments/product-engineering/product/process/user_research
/product-engineering/product/user_research/user_research_compensation /departments/product-engineering/product/process/user_research/user_research_compensation
/product-engineering/product/user_research/user_research_observer /departments/product-engineering/product/process/user_research/user_research_observer
/product-engineering/product/user_research/user_research_participant /departments/product-engineering/product/process/user_research/user_research_participant
/product-engineering/product/product_management/user_stakeholder_feedback /departments/product-engineering/product/process/user_stakeholder_feedback
/product-engineering/product/readmes/dan-mckean-readme /departments/product-engineering/product/readmes/dan-mckean-readme
/product-engineering/product/readmes/jyavorska-personalstyle.png /departments/product-engineering/product/readmes/jyavorska-personalstyle.png
/product-engineering/product/readmes/jyavorska-readme /departments/product-engineering/product/readmes/jyavorska-readme
/product-engineering/product/readmes/mary-belzer-readme /departments/product-engineering/product/readmes/mary-belzer-readme
/product-engineering/product/roles /departments/product-engineering/product/roles
/product-engineering/product/roles/interviews/director_product /departments/product-engineering/product/roles/interviews/director_product
/product-engineering/product/roles/interviews/director_technical_writing /departments/product-engineering/product/roles/interviews/director_technical_writing
/product-engineering/product/roles/interviews/hm_intro_call /departments/product-engineering/product/roles/interviews/hm_intro_call
/product-engineering/product/roles/interviews /departments/product-engineering/product/roles/interviews
/product-engineering/product/roles/interviews/initial_screen /departments/product-engineering/product/roles/interviews/initial_screen
/product-engineering/product/roles/interviews/product_designer /departments/product-engineering/product/roles/interviews/product_designer
/product-engineering/product/roles/interviews/product_designer/pd_design_exercise /departments/product-engineering/product/roles/interviews/product_designer/pd_design_exercise
/product-engineering/product/roles/interviews/product_designer/pd_portfolio_review /departments/product-engineering/product/roles/interviews/product_designer/pd_portfolio_review
/product-engineering/product/roles/interviews/product_manager /departments/product-engineering/product/roles/interviews/product_manager
/product-engineering/product/roles/interviews/product_manager/pm_rfc_project /departments/product-engineering/product/roles/interviews/product_manager/pm_rfc_project
/product-engineering/product/roles/interviews/technical_writer /departments/product-engineering/product/roles/interviews/technical_writer
/product-engineering/product/roles/product_manager_engineering_manager_responsibilities /departments/product-engineering/product/roles/product_manager_engineering_manager_responsibilities
/product-engineering/product/product_org /departments/product-engineering/product/team
/product-engineering/product/product_teams /departments/product-engineering/product/team/product_teams
/product-engineering/product/technical_writing /departments/product-engineering/product/technical_writing
/product-engineering/product/feature_compatibility /departments/product-engineering/product/tools/feature_compatibility
/product-engineering/product/feature_maturity /departments/product-engineering/product/tools/feature_maturity
/product-engineering/strategy /departments/product-engineering/strategy-goals
/product-engineering/demo-day /departments/product-engineering/team-culture/demo-day
/product-engineering/department-meeting /departments/product-engineering/team-culture/department-meeting
/sales/CODENOTIFY /departments/sales/CODENOTIFY
/sales/interviews /departments/sales/hiring
/sales /departments/sales
/sales/onboarding/data_onboarding /departments/sales/onboarding/data_onboarding
/sales/onboarding /departments/sales/onboarding
/sales/onboarding/joining_customer_calls /departments/sales/onboarding/joining_customer_calls
/sales/onboarding/quiz /departments/sales/onboarding/quiz
/sales/saleslegal /departments/sales/process/saleslegal
/sales/salessecurity /departments/sales/process/salessecurity
/sales/sales-enablement /departments/sales/sales-enablement
/sales/sales-ops /departments/sales/sales-ops
/sales/sales-ops/onboarding /departments/sales/sales-ops/onboarding
/sales/sdrteam /departments/sales/sdrteam
/sales/common_customer_questions /departments/sales/tools/common_customer_questions
/sales/records /departments/sales/tools/records
/sales/salesforce /departments/sales/tools/salesforce
/sales/salesresources /departments/sales/tools/salesresources
/support/enablement/career-roadmap /departments/support/career-growth/career-roadmap
/support/cs-career-levels /departments/support/career-growth/cs-career-levels
/support /departments/support
/support/cs-onboard-mentor /departments/support/onboarding/cs-onboard-mentor
/support/customer-support-manager-onboarding /departments/support/onboarding/customer-support-manager-onboarding
/support/customer-support-onboarding /departments/support/onboarding/customer-support-onboarding
/support/business-continuity-plan /departments/support/process/business-continuity-plan
/support/case-reviews /departments/support/process/case-reviews
/support/collaboration-time /departments/support/process/collaboration-time
/support/customer-exceptions /departments/support/process/customer-exceptions
/support/customer-support-triaging /departments/support/process/customer-support-triaging
/support/enablement/debugging-tips /departments/support/process/enablement/debugging-tips
/support/enablement/eng-support-learn-from-eachother /departments/support/process/enablement/eng-support-learn-from-eachother
/support/enablement/gcp-sg-k8s /departments/support/process/enablement/gcp-sg-k8s
/support/enablement/high-level-overview-index /departments/support/process/enablement/high-level-overview-index
/support/enablement /departments/support/process/enablement
/support/k8s-resources /departments/support/process/enablement/k8s-resources
/support/enablement/minikube /departments/support/process/enablement/minikube
/support/enablement/pgsql-guide /departments/support/process/enablement/pgsql-guide
/support/root-cause /departments/support/process/enablement/root-cause
/support/support-values-enablement /departments/support/process/enablement/support-values-enablement
/support/enablement/zendesk-ticket-exporter /departments/support/process/enablement/zendesk-ticket-exporter
/support/engaging-other-teams /departments/support/process/engaging-other-teams
/support/managing-cs-aws /departments/support/process/managing-cs-aws
/support/managing-cs-k8s /departments/support/process/managing-cs-k8s
/support/p4-enablement /departments/support/process/p4-enablement
/support/permanently_deleting_user_data /departments/support/process/permanently_deleting_user_data
/support/quarterly-planning /departments/support/process/quarterly-planning
/support/support-managed-instances /departments/support/process/support-managed-instances
/support/support-prioritization /departments/support/process/support-prioritization
/support/support-schedule /departments/support/process/support-schedule
/support/support-workflow /departments/support/process/support-workflow
/support/FY22Q2-OKR-Plan /departments/support/strategy-goals/FY22Q2-OKR-Plan
/support/FY22Q3-OKR-Plan /departments/support/strategy-goals/FY22Q3-OKR-Plan
/support/FY22Q4-OKR-Plan /departments/support/strategy-goals/FY22Q4-OKR-Plan
/support/support-team-rituals /departments/support/team-culture
/support/bios/Don-readme /departments/support/team/Don-readme
/support/bios/adeola-readme /departments/support/team/adeola-readme
/support/bios/alex-readme /departments/support/team/alex-readme
/support/bios/amber-readme /departments/support/team/amber-readme
/support/assigned-app-eng /departments/support/team/assigned-app-eng
/support/bios/bee-readme /departments/support/team/bee-readme
/support/bios/ben-readme /departments/support/team/ben-readme
/support/bios/brielle-readme /departments/support/team/brielle-readme
/support/bios/gabe-readme /departments/support/team/gabe-readme
/support/bios/giselle-readme /departments/support/team/giselle-readme
/support/bios /departments/support/team
/support/bios/jason-readme /departments/support/team/jason-readme
/support/bios/kelvin-lee-readme /departments/support/team/kelvin-lee-readme
/support/bios/mariam-readme /departments/support/team/mariam-readme
/support/bios/michael-readme /departments/support/team/michael-readme
/support/bios/nonso-readme /departments/support/team/nonso-readme
/support/bios/stompy-readme /departments/support/team/stompy-readme
/support/support-org-structure /departments/support/team/support-org-structure
/support/bios/virginia-readme /departments/support/team/virginia-readme
/support/bios/warren-readme /departments/support/team/warren-readme
/support/debugging-cheat-sheet /departments/support/tools/debugging-cheat-sheet
/support/support-tools /departments/support/tools
/talent /departments/talent
/talent/recruiter_onboarding /departments/talent/onboarding
/talent/after_the_offer /departments/talent/process/after_the_offer
/talent/hiring/evaluating_values /departments/talent/process/evaluating_values
/talent/extending_an_offer /departments/talent/process/extending_an_offer
/talent/hiring/hacker-news-who-is-hiring /departments/talent/process/hacker-news-who-is-hiring
/talent/how_to_be_a_sourcer_at_sourcegraph /departments/talent/process/how_to_be_a_sourcer_at_sourcegraph
/talent/how_to_prepare_for_candidates /departments/talent/process/how_to_prepare_for_candidates
/talent/hiring /departments/talent/process
/talent/interview_process /departments/talent/process/interview_process
/talent/hiring/job_boards /departments/talent/process/job_boards
/talent/hiring/linkedin /departments/talent/process/linkedin
/talent/opening_a_new_job /departments/talent/process/opening_a_new_job
/talent/hiring/reference_check_questions /departments/talent/process/reference_check_questions
/talent/talent_metrics /departments/talent/process/talent_metrics
/talent/teamalignment /departments/talent/process/teamalignment
/talent/types_of_interviews /departments/talent/process/types_of_interviews
/talent/hiring/guide_to_using_brighthire /departments/talent/tools/guide_to_using_brighthire
/talent/hiring/guide_to_using_greenhouse /departments/talent/tools/guide_to_using_greenhouse
/talent/hiring/guide_to_using_talentwall /departments/talent/tools/guide_to_using_talentwall
/talent/interview_training /departments/talent/tools/interview_training
/talent/resources_for_candidates /departments/talent/tools/resources_for_candidates
/talent/resources_for_hiring_managers /departments/talent/tools/resources_for_hiring_managers
/talent/resources_for_recruiters /departments/talent/tools/resources_for_recruiters
/talent/resources_for_recruiting_operations /departments/talent/tools/resources_for_recruiting_operations
/talent/resources_for_teammates /departments/talent/tools/resources_for_teammates
/tech-ops /departments/tech-ops
/tech-ops/internal_security /departments/tech-ops/process/internal_security
/tech-ops/Okta /departments/tech-ops/tools/Okta
/tech-ops/Vendr/Adding_supplier /departments/tech-ops/tools/Vendr/Adding_supplier
/tech-ops/Vendr/Intake_Form /departments/tech-ops/tools/Vendr/Intake_Form
/tech-ops/Vendr/Login /departments/tech-ops/tools/Vendr/Login
/tech-ops/Vendr/Market_Intel /departments/tech-ops/tools/Vendr/Market_Intel
/tech-ops/Vendr/Renewals /departments/tech-ops/tools/Vendr/Renewals
/tech-ops/Vendr/Supplier_Facing /departments/tech-ops/tools/Vendr/Supplier_Facing
/tech-ops/Vendr/Tech_stack_review /departments/tech-ops/tools/Vendr/Tech_stack_review
/tech-ops/Vendr/background_support /departments/tech-ops/tools/Vendr/background_support
/tech-ops/Vendr /departments/tech-ops/tools/Vendr
/company-info-and-process/communication/tools/zoom /company-info-and-process/communication/zoom
/company/CODENOTIFY /company-info-and-process/CODENOTIFY
/company/general-office-info /company-info-and-process/about-sourcegraph/general-office-info
/company /company-info-and-process/about-sourcegraph
/leadership/1-1 /company-info-and-process/communication/1-1
/communication/announcements /company-info-and-process/communication/announcements
/company/asynchronous-communication /company-info-and-process/communication/asynchronous-communication
/communication/code_of_conduct /company-info-and-process/communication/code_of_conduct
/communication/company_meeting /company-info-and-process/communication/company_meeting
/communication/conflicts /company-info-and-process/communication/conflicts
/communication/content_guidelines/actionable_language /company-info-and-process/communication/content_guidelines/actionable_language
/communication/content_guidelines /company-info-and-process/communication/content_guidelines
/communication/content_guidelines/style_and_mechanics /company-info-and-process/communication/content_guidelines/style_and_mechanics
/communication/content_guidelines/terminology_guidelines /company-info-and-process/communication/content_guidelines/terminology_guidelines
/communication/content_guidelines/voice_and_tone /company-info-and-process/communication/content_guidelines/voice_and_tone
/communication/customer_ethics /company-info-and-process/communication/customer_ethics
/communication/decisions /company-info-and-process/communication/decisions
/communication/dei /company-info-and-process/communication/dei
/communication /company-info-and-process/communication
/company/onepager-async.svg /company-info-and-process/communication/onepager-async.svg
/people-ops/personal-pronouns /company-info-and-process/communication/personal-pronouns
/retrospectives /company-info-and-process/communication/retrospectives
/communication/rfcs/hubspot-results.png /company-info-and-process/communication/rfcs/hubspot-results.png
/communication/rfcs/hubspot-search.png /company-info-and-process/communication/rfcs/hubspot-search.png
/communication/rfcs /company-info-and-process/communication/rfcs
/communication/rfcs/link-sharing.png /company-info-and-process/communication/rfcs/link-sharing.png
/communication/seeking-and-giving-feedback /company-info-and-process/communication/seeking-and-giving-feedback
/communication/team_chat /company-info-and-process/communication/team_chat
/communication/tools /company-info-and-process/communication/tools
/communication/working-group /company-info-and-process/communication/working-group
/community/code_of_conduct /company-info-and-process/community/code_of_conduct
/community/faq /company-info-and-process/community/faq
/community /company-info-and-process/community
/people-ops/onboarding/buddy-program /company-info-and-process/onboarding/buddy-program
/product-engineering/engineering/github-notifications/custom-routing.png /company-info-and-process/onboarding/git-intro/github-notifications/custom-routing.png
/product-engineering/engineering/github-notifications/gmail-apply-filter-to-matching-conversations.png /company-info-and-process/onboarding/git-intro/github-notifications/gmail-apply-filter-to-matching-conversations.png
/product-engineering/engineering/github-notifications/gmail-filter-github-label.png /company-info-and-process/onboarding/git-intro/github-notifications/gmail-filter-github-label.png
/product-engineering/engineering/github-notifications/gmail-filter-skip-inbox.png /company-info-and-process/onboarding/git-intro/github-notifications/gmail-filter-skip-inbox.png
/product-engineering/engineering/github-notifications /company-info-and-process/onboarding/git-intro/github-notifications
/product-engineering/engineering/github-notifications/participating.png /company-info-and-process/onboarding/git-intro/github-notifications/participating.png
/product-engineering/engineering/github-notifications/real-time.png /company-info-and-process/onboarding/git-intro/github-notifications/real-time.png
/product-engineering/engineering/github-notifications/watching.png /company-info-and-process/onboarding/git-intro/github-notifications/watching.png
/people-ops/onboarding/git_intro /company-info-and-process/onboarding/git-intro
/people-ops/onboarding/glossary /company-info-and-process/onboarding/glossary
/people-ops/onboarding /company-info-and-process/onboarding
/people-ops/onboarding/onboarding-feedback-milestones /company-info-and-process/onboarding/onboarding-feedback-milestones
/people-ops/onboarding/onboarding-for-hiring-managers /company-info-and-process/onboarding/onboarding-for-hiring-managers
/company/remote /company-info-and-process/remote
/company/remote/remote_hackathons /company-info-and-process/remote/remote_hackathons
/company/remote/social_calendar /company-info-and-process/remote/social_calendar
/company/remote/teammate-recommended_productivity_hacks /company-info-and-process/remote/teammate-recommended_productivity_hacks
/company/remote/tips /company-info-and-process/remote/tips
/company/customer-first /company-info-and-process/values/customer-first
/company/values /company-info-and-process/values
/people-ops/leaving /company-info-and-process/working-at-sourcegraph/leaving
/people-ops/switching-teams /company-info-and-process/working-at-sourcegraph/switching-teams
/company-processes/working-hours /company-info-and-process/working-at-sourcegraph/working-hours
/company/goals/2019_q3 /strategy-goals/goals/2019_q3
/company/goals/2019_q4 /strategy-goals/goals/2019_q4
/company/goals/2021_q1 /strategy-goals/goals/2021_q1
/company/goals/2021_q2 /strategy-goals/goals/2021_q2
/company/goals/2022_Q4 /strategy-goals/goals/2022_Q4
/company/goals/2022_annual /strategy-goals/goals/2022_annual
/company/goals/2022_q1 /strategy-goals/goals/2022_q1
/company/goals/2022_q2 /strategy-goals/goals/2022_q2
/company/goals/2022_q3 /strategy-goals/goals/2022_q3
/company/goals/archive /strategy-goals/goals/archive
/company/goals/guidelines /strategy-goals/goals/guidelines
/company/goals /strategy-goals/goals
/company/strategy/CODENOTIFY /strategy-goals/strategy/CODENOTIFY
/company/strategy/cloud/core-application /strategy-goals/strategy/cloud/core-application
/company/strategy/cloud/extensibility /strategy-goals/strategy/cloud/extensibility
/company/strategy/cloud/growth /strategy-goals/strategy/cloud/growth
/company/strategy/cloud/security /strategy-goals/strategy/cloud/security
/company/strategy/code-graph/batch-changes /strategy-goals/strategy/code-graph/batch-changes
/company/strategy/code-graph/code-insights /strategy-goals/strategy/code-graph/code-insights
/company/strategy/code-graph/code-intelligence /strategy-goals/strategy/code-graph/code-intelligence
/company/strategy/code-graph /strategy-goals/strategy/code-graph
/company/strategy/code-graph/search/core /strategy-goals/strategy/code-graph/search/core
/company/strategy/code-graph/search /strategy-goals/strategy/code-graph/search
/company/strategy/code-graph/search/product /strategy-goals/strategy/code-graph/search/product
/company/strategy/enablement/delivery /strategy-goals/strategy/enablement/delivery
/company/strategy/enablement/dev-experience /strategy-goals/strategy/enablement/dev-experience
/company/strategy/enablement/engineering-education /strategy-goals/strategy/enablement/engineering-education
/company/strategy/enablement/frontend-platform /strategy-goals/strategy/enablement/frontend-platform
/company/strategy/enablement/handbook /strategy-goals/strategy/enablement/handbook
/company/strategy/enablement /strategy-goals/strategy/enablement
/company/strategy/enablement/repo-management /strategy-goals/strategy/enablement/repo-management
/company/strategy /strategy-goals/strategy
/ceo /team/ceo
/ceo/roles /team/ceo/roles
/company/team /team
/company/team/locations.geojson /team/locations.geojson
/company/team/locations /team/locations
/company/team/org_chart /team/org_chart
/company/team/jean-du-plessis /team/readmes/jean-du-plessis
/company/team/nick /team/readmes/nick
/people-ops/celebrate /benefits-pay-perks/benefits-perks/celebrate
/people-ops/holidays /benefits-pay-perks/benefits-perks/holidays
/people-ops/benefits-and-perks /benefits-pay-perks/benefits-perks
/people-ops/mental-health /benefits-pay-perks/benefits-perks/mental-health
/people-ops/modern-health /benefits-pay-perks/benefits-perks/mental-health/modern-health
/finance/spending-company-money /benefits-pay-perks/benefits-perks/spending-company-money
/people-ops/submitting-time-off /benefits-pay-perks/benefits-perks/time-off/submitting-time-off
/finance/TripActions /benefits-pay-perks/benefits-perks/travel/TripActions
/finance/travel /benefits-pay-perks/benefits-perks/travel
/people-ops/compensation/compensation-change-approvals /benefits-pay-perks/pay-expenses/compensation/compensation-change-approvals
/people-ops/compensation/equity-faq /benefits-pay-perks/pay-expenses/compensation/equity-faq
/people-ops/compensation /benefits-pay-perks/pay-expenses/compensation
/finance/expenses /benefits-pay-perks/pay-expenses/expenses
/finance/invoices /benefits-pay-perks/pay-expenses/invoices
/engineering/distribution/gcp /product-engineering/engineering/distribution/gcp
/engineering/distribution/github_enterprise_testing_instance /product-engineering/engineering/distribution/github_enterprise_testing_instance
/engineering/distribution/internal_infrastructure /product-engineering/engineering/distribution/internal_infrastructure
/engineering/enablement/engineering-education /product-engineering/engineering/enablement/engineering-education
/engineering/environments /product-engineering/engineering/environments
/engineering/observability/cloud_monitoring /product-engineering/engineering/observability/cloud_monitoring
/editing/add-yourself-to-team-page /handbook/editing/add-yourself-to-team-page
/editing/adding-new-files /handbook/editing/adding-new-files
/editing/announcing-handbook-updates /handbook/editing/announcing-handbook-updates
/editing/changes-after-pr /handbook/editing/changes-after-pr
/editing/delete-a-page /handbook/editing/delete-a-page
/editing/edit-a-single-file /handbook/editing/edit-a-single-file
/editing/handbook-check-failures /handbook/editing/handbook-check-failures
/editing/handbook-edit-faqs /handbook/editing/handbook-edit-faqs
/editing/handbook-images-video /handbook/editing/handbook-images-video
/editing /handbook/editing
/editing/linking-within-handbook /handbook/editing/linking-within-handbook
/editing/markdown-resources /handbook/editing/markdown-resources
/editing/move-a-page /handbook/editing/move-a-page
/editing/multiple-changes-single-pr /handbook/editing/multiple-changes-single-pr
/editing/reviewing-a-proposal /handbook/editing/reviewing-a-proposal
/editing/run-a-local-preview /handbook/editing/run-a-local-preview
/support/team-readmes/carl-readme /support/bios/carl-readme
/direction/cloud /company/strategy/cloud
/product/product_management/direction_template /product/product_management/strategy_template
/ops/tech-ops/systems_list /tech-ops/systems_list
/engineering/distribution/goals /direction/enablement/distribution
/engineering/batch-changes/roadmap-updated-2021-02-12.png /engineering/code-graph/batch-changes/roadmap-updated-2021-02-12.png
/product/design_principles /product/product_management/design_principles
/product/delivery_plans /product/product_management/delivery_plans
/product/planning /product/product_management/planning
/marketing/assets_management /marketing/brand/assets_management
/marketing/creative_brief_template /marketing/brand/creative_brief_template
/marketing/project_tiers /marketing/brand/project_tiers
/marketing/success_metrics /marketing/brand/success_metrics
/marketing/the_network /marketing/brand/the_network
/engineering/web/CODENOTIFY /engineering/developer-insights/CODENOTIFY
/engineering/web /engineering/developer-insights
/ce/p0-Incident-Response /support/p0-Incident-Response
/people-ops/hiring/how_recruiting_interfaces_with_hiring_managers /talent/hiring/how_recruiting_interfaces_with_hiring_managers
/people-ops/hiring/interview_process /talent/hiring/interview_process
/people-ops/hiring/job_description_guidelines /talent/hiring/job_description_guidelines
/engineering/campaigns/goals /engineering/batch-changes/goals
/engineering/cloud/CODENOTIFY /engineering/core-application/CODENOTIFY
/engineering/cloud/manual_migrations /engineering/core-application/manual_migrations
/engineering/hiring/software-engineer-campaigns-full-stack-front-end /engineering/hiring/software-engineer-campaigns-full-stack-frontend
/ops/roles/internal_tools /ops/roles/tech_operations_manager
/marketing/roles/editor_in_chief /marketing/roles/director_of_content_strategy
/bizops/roles/financial_planning_analysis /ops/roles/financial_planning_analysis
/bizops/roles/gtm_sales_operations /ops/roles/gtm_sales_operations
/bizops/roles /ops/roles
/bizops/roles/senior_commercial_counsel /ops/roles/senior_commercial_counsel
/engineering/prometheus /engineering/observability/prometheus
/product/release_issue_template /product/product_management/release_issue_template
/people-ops/charities /people-ops/donations
/engineering/go_style_guide /engineering/languages/go
/people-ops/performance-reviews /people-ops/review-cycles
/style_guide /communication/style_guide
/careers https://about.sourcegraph.com/jobs
